OCCUP_M;OCCUP_F;GROUPE;GROUPE_CODE;PCS;PCS_CODE;PCS_DETAIL
exploitant agricole;exploitante agricole;Agriculteurs exploitants / Agricultrices exploitantes;1;Exploitants / Exploitantes de l’agriculture, sylviculture, pêche et aquaculture ;10;
agriculteur;agricultrice;Agriculteurs exploitants / Agricultrices exploitantes;;Exploitants / Exploitantes de l’agriculture, sylviculture, pêche et aquaculture ;10;10A
cultivateur;cultivatrice;Agriculteurs exploitants / Agricultrices exploitantes;;Exploitants / Exploitantes de l’agriculture, sylviculture, pêche et aquaculture ;10;10A
exploitant agricole;exploitante agricole;Agriculteurs exploitants / Agricultrices exploitantes;;Exploitants / Exploitantes de l’agriculture, sylviculture, pêche et aquaculture ;10;10A
horticulteur;horticultrice;Agriculteurs exploitants / Agricultrices exploitantes;;Exploitants / Exploitantes de l’agriculture, sylviculture, pêche et aquaculture ;10;10A
maraîcher;maraîchère;Agriculteurs exploitants / Agricultrices exploitantes;;Exploitants / Exploitantes de l’agriculture, sylviculture, pêche et aquaculture ;10;10A
arboriculteur;arboricultrice;Agriculteurs exploitants / Agricultrices exploitantes;;Exploitants / Exploitantes de l’agriculture, sylviculture, pêche et aquaculture ;10;10A
viticulteur;viticultrice;Agriculteurs exploitants / Agricultrices exploitantes;;Exploitants / Exploitantes de l’agriculture, sylviculture, pêche et aquaculture ;10;10A
éleveur;éleveuse;Agriculteurs exploitants / Agricultrices exploitantes;;Exploitants / Exploitantes de l’agriculture, sylviculture, pêche et aquaculture ;10;10A
bûcheron;bûcheronne;Agriculteurs exploitants / Agricultrices exploitantes;;Exploitants / Exploitantes de l’agriculture, sylviculture, pêche et aquaculture ;10;10B
exploitant forestier;exploitante forestière;Agriculteurs exploitants / Agricultrices exploitantes;;Exploitants / Exploitantes de l’agriculture, sylviculture, pêche et aquaculture ;10;10B
élagueur;élagueuse;Agriculteurs exploitants / Agricultrices exploitantes;;Exploitants / Exploitantes de l’agriculture, sylviculture, pêche et aquaculture ;10;10B
marin-pêcheur;marin-pêcheuse ;Agriculteurs exploitants / Agricultrices exploitantes;;Exploitants / Exploitantes de l’agriculture, sylviculture, pêche et aquaculture ;10;10C
ostréiculteur;ostréicultrice;Agriculteurs exploitants / Agricultrices exploitantes;;Exploitants / Exploitantes de l’agriculture, sylviculture, pêche et aquaculture ;10;10C
pisciculteur;piscicultrice;Agriculteurs exploitants / Agricultrices exploitantes;;Exploitants / Exploitantes de l’agriculture, sylviculture, pêche et aquaculture ;10;10C
jardinier;jardinière;Artisans / Artisanes, commerçants / commerçantes et chefs / cheffes d’entreprise;2;Artisans / Artisanes ;21;21A
maçon;maçonne;Artisans / Artisanes, commerçants / commerçantes et chefs / cheffes d’entreprise;2;Artisans / Artisanes ;21;21B
charpentier;charpentière;Artisans / Artisanes, commerçants / commerçantes et chefs / cheffes d’entreprise;2;Artisans / Artisanes ;21;21B
zingueur;zingueuse;Artisans / Artisanes, commerçants / commerçantes et chefs / cheffes d’entreprise;2;Artisans / Artisanes ;21;21B
menuisier;menuisière;Artisans / Artisanes, commerçants / commerçantes et chefs / cheffes d’entreprise;2;Artisans / Artisanes ;21;21B
plombier;plombière;Artisans / Artisanes, commerçants / commerçantes et chefs / cheffes d’entreprise;2;Artisans / Artisanes ;21;21B
électricien;électricienne;Artisans / Artisanes, commerçants / commerçantes et chefs / cheffes d’entreprise;2;Artisans / Artisanes ;21;21B
mécanicien;mécanicienne;Artisans / Artisanes, commerçants / commerçantes et chefs / cheffes d’entreprise;2;Artisans / Artisanes ;21;21C
carossier;carossière;Artisans / Artisanes, commerçants / commerçantes et chefs / cheffes d’entreprise;2;Artisans / Artisanes ;21;21C
couturier;couturière;Artisans / Artisanes, commerçants / commerçantes et chefs / cheffes d’entreprise;2;Artisans / Artisanes ;21;21C
tapissier;tapissière;Artisans / Artisanes, commerçants / commerçantes et chefs / cheffes d’entreprise;2;Artisans / Artisanes ;21;21C
décorateur;décoratrice;Artisans / Artisanes, commerçants / commerçantes et chefs / cheffes d’entreprise;2;Artisans / Artisanes ;21;21C
cordonnier;cordonnière;Artisans / Artisanes, commerçants / commerçantes et chefs / cheffes d’entreprise;2;Artisans / Artisanes ;21;21C
bijoutier;bijoutière;Artisans / Artisanes, commerçants / commerçantes et chefs / cheffes d’entreprise;2;Artisans / Artisanes ;21;21C
graveur;graveuse;Artisans / Artisanes, commerçants / commerçantes et chefs / cheffes d’entreprise;2;Artisans / Artisanes ;21;21C
luthier;luthière;Artisans / Artisanes, commerçants / commerçantes et chefs / cheffes d’entreprise;2;Artisans / Artisanes ;21;21C
boucher;bouchère;Artisans / Artisanes, commerçants / commerçantes et chefs / cheffes d’entreprise;2;Artisans / Artisanes ;21;21D
traiteur;traiteuse;Artisans / Artisanes, commerçants / commerçantes et chefs / cheffes d’entreprise;2;Artisans / Artisanes ;21;21D
charcutier;charcutière;Artisans / Artisanes, commerçants / commerçantes et chefs / cheffes d’entreprise;2;Artisans / Artisanes ;21;21D
fromager;fromagère;Artisans / Artisanes, commerçants / commerçantes et chefs / cheffes d’entreprise;2;Artisans / Artisanes ;21;21D
boulanger;boulangère;Artisans / Artisanes, commerçants / commerçantes et chefs / cheffes d’entreprise;2;Artisans / Artisanes ;21;21D
confiseur;confiseuse;Artisans / Artisanes, commerçants / commerçantes et chefs / cheffes d’entreprise;2;Artisans / Artisanes ;21;21D
ambulancier;ambulancière;Artisans / Artisanes, commerçants / commerçantes et chefs / cheffes d’entreprise;2;Artisans / Artisanes ;21;21E
chauffeur de taxi;chauffeuse de taxi;Artisans / Artisanes, commerçants / commerçantes et chefs / cheffes d’entreprise;2;Artisans / Artisanes ;21;21E
transporteur routier;transporteuse routière;Artisans / Artisanes, commerçants / commerçantes et chefs / cheffes d’entreprise;2;Artisans / Artisanes ;21;21E
chauffeur-livreur;chauffeuse-livreuse;Artisans / Artisanes, commerçants / commerçantes et chefs / cheffes d’entreprise;2;Artisans / Artisanes ;21;21E
coiffeur;coiffeuse;Artisans / Artisanes, commerçants / commerçantes et chefs / cheffes d’entreprise;2;Artisans / Artisanes ;21;21E
esthéticien;esthéticienne;Artisans / Artisanes, commerçants / commerçantes et chefs / cheffes d’entreprise;2;Artisans / Artisanes ;21;21E
tatoueur;tatoueuse;Artisans / Artisanes, commerçants / commerçantes et chefs / cheffes d’entreprise;2;Artisans / Artisanes ;21;21E
blanchisseur;blanchisseuse;Artisans / Artisanes, commerçants / commerçantes et chefs / cheffes d’entreprise;2;Artisans / Artisanes ;21;21E
commerçant;commerçante;Artisans / Artisanes, commerçants / commerçantes et chefs / cheffes d’entreprise;2;Commerçants / Commerçantes et assimilés ;22;
épicier;épicière;Artisans / Artisanes, commerçants / commerçantes et chefs / cheffes d’entreprise;2;Commerçants / Commerçantes et assimilés ;22;22A
poissonnier;poissonnière;Artisans / Artisanes, commerçants / commerçantes et chefs / cheffes d’entreprise;2;Commerçants / Commerçantes et assimilés ;22;22A
marchand de journaux;marchande de journaux;Artisans / Artisanes, commerçants / commerçantes et chefs / cheffes d’entreprise;2;Commerçants / Commerçantes et assimilés ;22;22B
restaurateur;restauratrice;Artisans / Artisanes, commerçants / commerçantes et chefs / cheffes d’entreprise;2;Commerçants / Commerçantes et assimilés ;22;22C
cafetier;cafetière;Artisans / Artisanes, commerçants / commerçantes et chefs / cheffes d’entreprise;2;Commerçants / Commerçantes et assimilés ;22;22C
chef cuisinier;cheffe cuisinière;Artisans / Artisanes, commerçants / commerçantes et chefs / cheffes d’entreprise;2;Commerçants / Commerçantes et assimilés ;22;22C
hôtelier;hôtelière;Artisans / Artisanes, commerçants / commerçantes et chefs / cheffes d’entreprise;2;Commerçants / Commerçantes et assimilés ;22;22C
courtier;courtière;Artisans / Artisanes, commerçants / commerçantes et chefs / cheffes d’entreprise;2;Commerçants / Commerçantes et assimilés ;22;22D
agent immobilier;agente immobilière;Artisans / Artisanes, commerçants / commerçantes et chefs / cheffes d’entreprise;2;Commerçants / Commerçantes et assimilés ;22;22D
conseiller de vente;conseillère de vente;Artisans / Artisanes, commerçants / commerçantes et chefs / cheffes d’entreprise;2;Commerçants / Commerçantes et assimilés ;22;22D
marchand de biens;marchande de biens;Artisans / Artisanes, commerçants / commerçantes et chefs / cheffes d’entreprise;2;Commerçants / Commerçantes et assimilés ;22;22D
négociateur;négociatrice;Artisans / Artisanes, commerçants / commerçantes et chefs / cheffes d’entreprise;2;Commerçants / Commerçantes et assimilés ;22;22D
agent commercial;agente commerciale;Artisans / Artisanes, commerçants / commerçantes et chefs / cheffes d’entreprise;2;Commerçants / Commerçantes et assimilés ;22;22D
vendeur;vendeuse;Artisans / Artisanes, commerçants / commerçantes et chefs / cheffes d’entreprise;2;Commerçants / Commerçantes et assimilés ;22;22D
acheteur;acheteuse;Artisans / Artisanes, commerçants / commerçantes et chefs / cheffes d’entreprise;2;Commerçants / Commerçantes et assimilés ;22;22D
démarcheur;démarcheuse;Artisans / Artisanes, commerçants / commerçantes et chefs / cheffes d’entreprise;2;Commerçants / Commerçantes et assimilés ;22;22D
négociant;négociante;Artisans / Artisanes, commerçants / commerçantes et chefs / cheffes d’entreprise;2;Commerçants / Commerçantes et assimilés ;22;22D
directeur de théâtre;directrice de théâtre;Artisans / Artisanes, commerçants / commerçantes et chefs / cheffes d’entreprise;2;Commerçants / Commerçantes et assimilés ;22;22D
directeur d'agence;directrice d'agence;Artisans / Artisanes, commerçants / commerçantes et chefs / cheffes d’entreprise;2;Commerçants / Commerçantes et assimilés ;22;22D
consultant;consultante;Artisans / Artisanes, commerçants / commerçantes et chefs / cheffes d’entreprise;2;Commerçants / Commerçantes et assimilés ;22;22D
conseiller funéraire;conseillère funéraire;Artisans / Artisanes, commerçants / commerçantes et chefs / cheffes d’entreprise;2;Commerçants / Commerçantes et assimilés ;22;22D
guérisseur;guérisseuse;Artisans / Artisanes, commerçants / commerçantes et chefs / cheffes d’entreprise;2;Commerçants / Commerçantes et assimilés ;22;22D
chef d'entreprise;cheffe d'entreprise;Artisans / Artisanes, commerçants / commerçantes et chefs / cheffes d’entreprise;2;Chefs / Cheffes d’entreprise de plus de 10 personnes ;23;
administrateur de société;administratrice de société;Artisans / Artisanes, commerçants / commerçantes et chefs / cheffes d’entreprise;2;Chefs / Cheffes d’entreprise de plus de 10 personnes ;23;
cadre dirigeant;cadre dirigeante;Artisans / Artisanes, commerçants / commerçantes et chefs / cheffes d’entreprise;2;Chefs / Cheffes d’entreprise de plus de 10 personnes ;23;
directeur général;directrice générale;Artisans / Artisanes, commerçants / commerçantes et chefs / cheffes d’entreprise;2;Chefs / Cheffes d’entreprise de plus de 10 personnes ;23;
président directeur général;présidente directrice générale;Artisans / Artisanes, commerçants / commerçantes et chefs / cheffes d’entreprise;2;Chefs / Cheffes d’entreprise de plus de 10 personnes ;23;
chirurgien;chirurgienne;Cadres et professions intellectuelles supérieures;3;Professions libérales;31;31A
acupuncteur;acupunctrice;Cadres et professions intellectuelles supérieures;3;Professions libérales;31;31A
pharmacien;pharmacienne;Cadres et professions intellectuelles supérieures;3;Professions libérales;31;31A
avocat;avocate;Cadres et professions intellectuelles supérieures;3;Professions libérales;31;31B
expert-comptable;experte-comptable;Cadres et professions intellectuelles supérieures;3;Professions libérales;31;31B
conseiller juridique;conseillère juridique;Cadres et professions intellectuelles supérieures;3;Professions libérales;31;31B
huissier;huissière;Cadres et professions intellectuelles supérieures;3;Professions libérales;31;31B
administrateur judiciaire;administratrice judiciaire;Cadres et professions intellectuelles supérieures;3;Professions libérales;31;31B
colonel;colonelle;Cadres et professions intellectuelles supérieures;3;Cadres administratifs et techniques de la fonction publique ;33;33A
directeur d'hôpital;directrice d'hôpital;Cadres et professions intellectuelles supérieures;3;Cadres administratifs et techniques de la fonction publique ;33;33A
directeur de cabinet;directrice de cabinet;Cadres et professions intellectuelles supérieures;3;Cadres administratifs et techniques de la fonction publique ;33;33A
directeur départemental;directrice départementale;Cadres et professions intellectuelles supérieures;3;Cadres administratifs et techniques de la fonction publique ;33;33A
inspecteur;inspectrice;Cadres et professions intellectuelles supérieures;3;Cadres administratifs et techniques de la fonction publique ;33;33A
préfet;préfète;Cadres et professions intellectuelles supérieures;3;Cadres administratifs et techniques de la fonction publique ;33;33A
recteur;rectrice;Cadres et professions intellectuelles supérieures;3;Cadres administratifs et techniques de la fonction publique ;33;33A
secrétaire général;secrétaire générale;Cadres et professions intellectuelles supérieures;3;Cadres administratifs et techniques de la fonction publique ;33;33A
magistrat;magistrate;Cadres et professions intellectuelles supérieures;3;Cadres administratifs et techniques de la fonction publique ;33;33A
avocat général;avocate générale;Cadres et professions intellectuelles supérieures;3;Cadres administratifs et techniques de la fonction publique ;33;33A
maître des requêtes;maîtresse des requêtes;Cadres et professions intellectuelles supérieures;3;Cadres administratifs et techniques de la fonction publique ;33;33A
procureur;procureure;Cadres et professions intellectuelles supérieures;3;Cadres administratifs et techniques de la fonction publique ;33;33A
ingénieur;ingénieure;Cadres et professions intellectuelles supérieures;3;Cadres administratifs et techniques de la fonction publique ;33;33B
directeur des services;directrice des services;Cadres et professions intellectuelles supérieures;3;Cadres administratifs et techniques de la fonction publique ;33;33B
développeur web;développeuse web;Cadres et professions intellectuelles supérieures;3;Cadres administratifs et techniques de la fonction publique ;33;33B
chef de projet;cheffe de projet;Cadres et professions intellectuelles supérieures;3;Cadres administratifs et techniques de la fonction publique ;33;33B
inspecteur des finances;inspectrice des finances;Cadres et professions intellectuelles supérieures;3;Cadres administratifs et techniques de la fonction publique ;33;33C
chargé de mission;chargée de mission;Cadres et professions intellectuelles supérieures;3;Cadres administratifs et techniques de la fonction publique ;33;33C
commandant de police;commandante de police;Cadres et professions intellectuelles supérieures;3;Cadres administratifs et techniques de la fonction publique ;33;33C
greffier;greffière;Cadres et professions intellectuelles supérieures;3;Cadres administratifs et techniques de la fonction publique ;33;33C
inspecteur du travail;inspectrice du travail;Cadres et professions intellectuelles supérieures;3;Cadres administratifs et techniques de la fonction publique ;33;33C
percepteur;perceptrice;Cadres et professions intellectuelles supérieures;3;Cadres administratifs et techniques de la fonction publique ;33;33C
chargé d'études;chargée d'études;Cadres et professions intellectuelles supérieures;3;Cadres administratifs et techniques de la fonction publique ;33;33C
officier de gendarmerie;officière de gendarmerie;Cadres et professions intellectuelles supérieures;3;Cadres administratifs et techniques de la fonction publique ;33;33D
ingénieur d'études;ingénieure d'études;Cadres et professions intellectuelles supérieures;3;Cadres administratifs et techniques de la fonction publique ;33;33D
conseiller municipal;conseillère municipale;Cadres et professions intellectuelles supérieures;3;Cadres administratifs et techniques de la fonction publique ;33;33E
maire adjoint;maire adjointe;Cadres et professions intellectuelles supérieures;3;Cadres administratifs et techniques de la fonction publique ;33;34e
député;députée;Cadres et professions intellectuelles supérieures;3;Cadres administratifs et techniques de la fonction publique ;33;35e
sénateur;sénatrice;Cadres et professions intellectuelles supérieures;3;Cadres administratifs et techniques de la fonction publique ;33;36e
agrégé;agrégée;Cadres et professions intellectuelles supérieures;3;Professeurs / Professeures et professions scientifiques supérieures ;34;34A
professeur;professeure;Cadres et professions intellectuelles supérieures;3;Professeurs / Professeures et professions scientifiques supérieures ;34;34A
enseignant;enseignante;Cadres et professions intellectuelles supérieures;3;Professeurs / Professeures et professions scientifiques supérieures ;34;34A
chef d'établissement;cheffe d'établissement;Cadres et professions intellectuelles supérieures;3;Professeurs / Professeures et professions scientifiques supérieures ;34;34A
proviseur;proviseure;Cadres et professions intellectuelles supérieures;3;Professeurs / Professeures et professions scientifiques supérieures ;34;34A
enseignant-chercheur;enseignante-chercheuse;Cadres et professions intellectuelles supérieures;3;Professeurs / Professeures et professions scientifiques supérieures ;34;34B
historien;historienne;Cadres et professions intellectuelles supérieures;3;Professeurs / Professeures et professions scientifiques supérieures ;34;34B
mathématicien;mathématicienne;Cadres et professions intellectuelles supérieures;3;Professeurs / Professeures et professions scientifiques supérieures ;34;34B
maître de conférences;maîtresse de conférences;Cadres et professions intellectuelles supérieures;3;Professeurs / Professeures et professions scientifiques supérieures ;34;34B
professeur des universités;professeure des universités;Cadres et professions intellectuelles supérieures;3;Professeurs / Professeures et professions scientifiques supérieures ;34;34B
chargé de cours;chargée de cours;Cadres et professions intellectuelles supérieures;3;Professeurs / Professeures et professions scientifiques supérieures ;34;34B
ingénieur de recherche;ingénieure de recherche;Cadres et professions intellectuelles supérieures;3;Professeurs / Professeures et professions scientifiques supérieures ;34;34B
doctorant;doctorante;Cadres et professions intellectuelles supérieures;3;Professeurs / Professeures et professions scientifiques supérieures ;34;34B
physicien;physicienne;Cadres et professions intellectuelles supérieures;3;Professeurs / Professeures et professions scientifiques supérieures ;34;34B
praticien hospitalier;praticienne hospitalière;Cadres et professions intellectuelles supérieures;3;Professeurs / Professeures et professions scientifiques supérieures ;34;34C
conservateur de bibliothèques;conservatrice de bibliothèques;Cadres et professions intellectuelles supérieures;3;Professions de l’information, de l’art et des spectacles;35;35A
administrateur;administratrice;Cadres et professions intellectuelles supérieures;3;Professions de l’information, de l’art et des spectacles;35;35A
conservateur de musée;conservatrice de musée;Cadres et professions intellectuelles supérieures;3;Professions de l’information, de l’art et des spectacles;35;35A
blogueur;blogueuse;Cadres et professions intellectuelles supérieures;3;Professions de l’information, de l’art et des spectacles;35;35B
chroniqueur;chroniqueuse;Cadres et professions intellectuelles supérieures;3;Professions de l’information, de l’art et des spectacles;35;35B
dessinateur;dessinatrice;Cadres et professions intellectuelles supérieures;3;Professions de l’information, de l’art et des spectacles;35;35B
envoyé spécial;envoyée spéciale;Cadres et professions intellectuelles supérieures;3;Professions de l’information, de l’art et des spectacles;35;35B
rédacteur;rédactrice;Cadres et professions intellectuelles supérieures;3;Professions de l’information, de l’art et des spectacles;35;35B
écrivain;écrivaine;Cadres et professions intellectuelles supérieures;3;Professions de l’information, de l’art et des spectacles;35;35B
auteur;auteure;Cadres et professions intellectuelles supérieures;3;Professions de l’information, de l’art et des spectacles;35;35B
traducteur;traductrice;Cadres et professions intellectuelles supérieures;3;Professions de l’information, de l’art et des spectacles;35;35B
romancier;romancière;Cadres et professions intellectuelles supérieures;3;Professions de l’information, de l’art et des spectacles;35;35B
éditeur;éditrice;Cadres et professions intellectuelles supérieures;3;Professions de l’information, de l’art et des spectacles;35;35C
producteur;productrice;Cadres et professions intellectuelles supérieures;3;Professions de l’information, de l’art et des spectacles;35;35C
directeur artistique;directrice artistique;Cadres et professions intellectuelles supérieures;3;Professions de l’information, de l’art et des spectacles;35;35C
ingénieur du son;ingénieure du son;Cadres et professions intellectuelles supérieures;3;Professions de l’information, de l’art et des spectacles;35;35C
monteur;monteuse;Cadres et professions intellectuelles supérieures;3;Professions de l’information, de l’art et des spectacles;35;35C
concepteur;conceptrice;Cadres et professions intellectuelles supérieures;3;Professions de l’information, de l’art et des spectacles;35;35C
réalisateur;réalisatrice;Cadres et professions intellectuelles supérieures;3;Professions de l’information, de l’art et des spectacles;35;35C
régisseur;régisseuse;Cadres et professions intellectuelles supérieures;3;Professions de l’information, de l’art et des spectacles;35;35C
musicien;musicienne;Cadres et professions intellectuelles supérieures;3;Professions de l’information, de l’art et des spectacles;35;35D
compositeur;compositrice;Cadres et professions intellectuelles supérieures;3;Professions de l’information, de l’art et des spectacles;35;35D
chanteur;chanteuse;Cadres et professions intellectuelles supérieures;3;Professions de l’information, de l’art et des spectacles;35;35D
chef d'orchestre;cheffe d'orchestre;Cadres et professions intellectuelles supérieures;3;Professions de l’information, de l’art et des spectacles;35;35D
comédien;comédienne;Cadres et professions intellectuelles supérieures;3;Professions de l’information, de l’art et des spectacles;35;35D
animateur;animatrice;Cadres et professions intellectuelles supérieures;3;Professions de l’information, de l’art et des spectacles;35;35D
danseur;danseuse;Cadres et professions intellectuelles supérieures;3;Professions de l’information, de l’art et des spectacles;35;35D
magicien;magicienne;Cadres et professions intellectuelles supérieures;3;Professions de l’information, de l’art et des spectacles;35;35D
cadre dirigeant;cadre dirigeante;Cadres et professions intellectuelles supérieures;3;Cadres des services administratifs et commerciaux d’entreprise ;37;
directeur administratif;directrice administrative;Cadres et professions intellectuelles supérieures;3;Cadres des services administratifs et commerciaux d’entreprise ;37;
statisticien;statisticienne;Cadres et professions intellectuelles supérieures;3;Cadres des services administratifs et commerciaux d’entreprise ;37;37B
contrôleur de gestion;contrôleuse de gestion;Cadres et professions intellectuelles supérieures;3;Cadres des services administratifs et commerciaux d’entreprise ;37;37B
auditeur financier;auditrice financière;Cadres et professions intellectuelles supérieures;3;Cadres des services administratifs et commerciaux d’entreprise ;37;37B
trésorier;trésorière;Cadres et professions intellectuelles supérieures;3;Cadres des services administratifs et commerciaux d’entreprise ;37;37C
cadre commercial;cadre commerciale;Cadres et professions intellectuelles supérieures;3;Cadres des services administratifs et commerciaux d’entreprise ;37;37D
directeur commercial;directrice commerciale;Cadres et professions intellectuelles supérieures;3;Cadres des services administratifs et commerciaux d’entreprise ;37;37D
chargé d'affaires;chargée d'affaires;Cadres et professions intellectuelles supérieures;3;Cadres des services administratifs et commerciaux d’entreprise ;37;37D
chargé de communication;chargée de communication;Cadres et professions intellectuelles supérieures;3;Cadres des services administratifs et commerciaux d’entreprise ;37;37D
attaché de presse;attachée de presse;Cadres et professions intellectuelles supérieures;3;Cadres des services administratifs et commerciaux d’entreprise ;37;37D
attaché parlementaire;attachée parlementaire;Cadres et professions intellectuelles supérieures;3;Cadres des services administratifs et commerciaux d’entreprise ;37;37D
directeur d'agence;directrice d'agence;Cadres et professions intellectuelles supérieures;3;Cadres des services administratifs et commerciaux d’entreprise ;37;37E
expert d'assurances;experte d'assurances;Cadres et professions intellectuelles supérieures;3;Cadres des services administratifs et commerciaux d’entreprise ;37;37E
courtier;courtière;Cadres et professions intellectuelles supérieures;3;Cadres des services administratifs et commerciaux d’entreprise ;37;37E
agent immobilier;agente immobilière;Cadres et professions intellectuelles supérieures;3;Cadres des services administratifs et commerciaux d’entreprise ;37;37E
directeur de restaurant;directrice de restaurant;Cadres et professions intellectuelles supérieures;3;Cadres des services administratifs et commerciaux d’entreprise ;37;37F
chef de cuisine;cheffe de cuisine;Cadres et professions intellectuelles supérieures;3;Cadres des services administratifs et commerciaux d’entreprise ;37;37F
directeur technique;directrice technique;Cadres et professions intellectuelles supérieures;3;Ingénieurs / Ingénieures et cadres techniques d’entreprise ;38;38A
directeur d'usine;directrice d'usine;Cadres et professions intellectuelles supérieures;3;Ingénieurs / Ingénieures et cadres techniques d’entreprise ;38;38A
ingénieur agronome;ingénieure agronome;Cadres et professions intellectuelles supérieures;3;Ingénieurs / Ingénieures et cadres techniques d’entreprise ;38;38B
ingénieur-conseil;ingénieure-conseil;Cadres et professions intellectuelles supérieures;3;Ingénieurs / Ingénieures et cadres techniques d’entreprise ;38;38B
ingénieur;ingénieure;Cadres et professions intellectuelles supérieures;3;;;38B
chef de gare;cheffe de gare;Cadres et professions intellectuelles supérieures;3;Ingénieurs / Ingénieures et cadres techniques d’entreprise ;38;38E
commandant de bord;commandante de bord;Cadres et professions intellectuelles supérieures;3;Ingénieurs / Ingénieures et cadres techniques d’entreprise ;38;38E
ingénieur commercial;ingénieure commerciale;Cadres et professions intellectuelles supérieures;3;Ingénieurs / Ingénieures et cadres techniques d’entreprise ;38;38F
informaticien;informaticienne;Cadres et professions intellectuelles supérieures;3;Ingénieurs / Ingénieures et cadres techniques d’entreprise ;38;38G
développeur;développeuse;Cadres et professions intellectuelles supérieures;3;Ingénieurs / Ingénieures et cadres techniques d’entreprise ;38;38G
programmeur;programmeuse;Cadres et professions intellectuelles supérieures;3;Ingénieurs / Ingénieures et cadres techniques d’entreprise ;38;38G
enseignant;enseignante;Professions intermédiaires;4;Professions de l’enseignement primaire et professionnel, de la formation continue et du sport ;42;42A
directeur d'école;directrice d'école;Professions intermédiaires;4;Professions de l’enseignement primaire et professionnel, de la formation continue et du sport ;42;42A
instituteur;institutrice;Professions intermédiaires;4;Professions de l’enseignement primaire et professionnel, de la formation continue et du sport ;42;42A
maître;maîtresse;Professions intermédiaires;4;Professions de l’enseignement primaire et professionnel, de la formation continue et du sport ;42;42A
formateur;formatrice;Professions intermédiaires;4;Professions de l’enseignement primaire et professionnel, de la formation continue et du sport ;42;42A
précepteur;préceptrice;Professions intermédiaires;4;Professions de l’enseignement primaire et professionnel, de la formation continue et du sport ;42;42A
surveillant;surveillante;Professions intermédiaires;4;Professions de l’enseignement primaire et professionnel, de la formation continue et du sport ;42;42B
conseiller d'orientation;conseillère d'orientation;Professions intermédiaires;4;Professions de l’enseignement primaire et professionnel, de la formation continue et du sport ;42;42B
éducateur;éducatrice;Professions intermédiaires;4;Professions de l’enseignement primaire et professionnel, de la formation continue et du sport ;42;42B
moniteur;monitrice;Professions intermédiaires;4;Professions de l’enseignement primaire et professionnel, de la formation continue et du sport ;42;42C
conférencier;conférencière;Professions intermédiaires;4;Professions de l’enseignement primaire et professionnel, de la formation continue et du sport ;42;42C
entraîneur;entraîneuse;Professions intermédiaires;4;Professions de l’enseignement primaire et professionnel, de la formation continue et du sport ;42;42C
sportif professionnel;sportive professionnelle;Professions intermédiaires;4;Professions de l’enseignement primaire et professionnel, de la formation continue et du sport ;42;42C
infirmier;infirmière;Professions intermédiaires;4;Professions intermédiaires de la santé et du travail social ;43;43A
puériculteur;puéricultrice;Professions intermédiaires;4;Professions intermédiaires de la santé et du travail social ;43;43A
masseur;masseuse;Professions intermédiaires;4;Professions intermédiaires de la santé et du travail social ;43;43A
rééducateur;rééducatrice;Professions intermédiaires;4;Professions intermédiaires de la santé et du travail social ;43;43A
psychomotricien;psychomotricienne;Professions intermédiaires;4;Professions intermédiaires de la santé et du travail social ;43;43A
acupuncteur;acupunctrice;Professions intermédiaires;4;Professions intermédiaires de la santé et du travail social ;43;43A
diététicien;diététicienne;Professions intermédiaires;4;Professions intermédiaires de la santé et du travail social ;43;43B
laborantin;laborantine;Professions intermédiaires;4;Professions intermédiaires de la santé et du travail social ;43;43C
manipulateur;manipulatrice;Professions intermédiaires;4;Professions intermédiaires de la santé et du travail social ;43;43C
opticien;opticienne;Professions intermédiaires;4;Professions intermédiaires de la santé et du travail social ;43;43C
préparateur;préparatrice;Professions intermédiaires;4;Professions intermédiaires de la santé et du travail social ;43;43C
assistant social;assistante sociale;Professions intermédiaires;4;Professions intermédiaires de la santé et du travail social ;43;43D
travailleur social;travailleuse sociale;Professions intermédiaires;4;Professions intermédiaires de la santé et du travail social ;43;43D
médiateur;médiatrice;Professions intermédiaires;4;Professions intermédiaires de la santé et du travail social ;43;43D
éducateur;éducatrice;Professions intermédiaires;4;Professions intermédiaires de la santé et du travail social ;43;43D
greffier;greffière;Professions intermédiaires;4;Professions intermédiaires de la fonction publique (administration, sécurité) ;45;45A
conseiller d'orientation;conseillère d'orientation;Professions intermédiaires;4;Professions intermédiaires de la fonction publique (administration, sécurité) ;45;45A
contrôleur des douanes;contrôleuse des douanes;Professions intermédiaires;4;Professions intermédiaires de la fonction publique (administration, sécurité) ;45;45A
intendant;intendante;Professions intermédiaires;4;Professions intermédiaires de la fonction publique (administration, sécurité) ;45;45A
statisticien;statisticienne;Professions intermédiaires;4;Professions intermédiaires de la fonction publique (administration, sécurité) ;45;45A
policier;policière;Professions intermédiaires;4;Professions intermédiaires de la fonction publique (administration, sécurité) ;45;45A
commandant de police;commandante de police;Professions intermédiaires;4;Professions intermédiaires de la fonction publique (administration, sécurité) ;45;45B
inspecteur de police;inspectrice de police;Professions intermédiaires;4;Professions intermédiaires de la fonction publique (administration, sécurité) ;45;45B
lieutenant;lieutenante;Professions intermédiaires;4;Professions intermédiaires de la fonction publique (administration, sécurité) ;45;45B
officier de police;officière de police;Professions intermédiaires;4;Professions intermédiaires de la fonction publique (administration, sécurité) ;45;45B
adjudant;adjudante;Professions intermédiaires;4;Professions intermédiaires de la fonction publique (administration, sécurité) ;45;45B
assistant de direction;assistante de direction;Professions intermédiaires;4;Professions intermédiaires administratives et commerciales des entreprises ;46;46A
auditeur financier;auditrice financière;Professions intermédiaires;4;Professions intermédiaires administratives et commerciales des entreprises ;46;46A
rédacteur juridique;rédactrice juridique;Professions intermédiaires;4;Professions intermédiaires administratives et commerciales des entreprises ;46;46A
gérant;gérante;Professions intermédiaires;4;Professions intermédiaires administratives et commerciales des entreprises ;46;46A
épicier;épicière;Professions intermédiaires;4;Professions intermédiaires administratives et commerciales des entreprises ;46;46B
assistant marketing;assistante marketing;Professions intermédiaires;4;Professions intermédiaires administratives et commerciales des entreprises ;46;46B
visiteur médical;visiteuse médicale;Professions intermédiaires;4;Professions intermédiaires administratives et commerciales des entreprises ;46;46C
agent immobilier;agente immobilière;Professions intermédiaires;4;Professions intermédiaires administratives et commerciales des entreprises ;46;46C
vendeur;vendeuse;Professions intermédiaires;4;Professions intermédiaires administratives et commerciales des entreprises ;46;46C
négociateur;négociatrice;Professions intermédiaires;4;Professions intermédiaires administratives et commerciales des entreprises ;46;46C
employé de banque;employée de banque;Professions intermédiaires;4;Professions intermédiaires administratives et commerciales des entreprises ;46;46D
conseiller de clientèle;conseillère de clientèle;Professions intermédiaires;4;Professions intermédiaires administratives et commerciales des entreprises ;46;46D
chef de service;cheffe de service;Professions intermédiaires;4;Professions intermédiaires administratives et commerciales des entreprises ;46;46D
chargé de communication;chargée de communication;Professions intermédiaires;4;Professions intermédiaires administratives et commerciales des entreprises ;46;46E
traducteur;traductrice;Professions intermédiaires;4;Professions intermédiaires administratives et commerciales des entreprises ;46;46E
animateur;animatrice;Professions intermédiaires;4;Professions intermédiaires administratives et commerciales des entreprises ;46;46E
attaché de presse;attachée de presse;Professions intermédiaires;4;Professions intermédiaires administratives et commerciales des entreprises ;46;46E
créateur;créatrice;Professions intermédiaires;4;Professions intermédiaires administratives et commerciales des entreprises ;46;46E
décorateur;décoratrice;Professions intermédiaires;4;Professions intermédiaires administratives et commerciales des entreprises ;46;46E
illustrateur;illustratrice;Professions intermédiaires;4;Professions intermédiaires administratives et commerciales des entreprises ;46;46E
technicien audiovisuel;technicienne audiovisuelle;Professions intermédiaires;4;Professions intermédiaires administratives et commerciales des entreprises ;46;46E
régisseur;régisseuse;Professions intermédiaires;4;Professions intermédiaires administratives et commerciales des entreprises ;46;46E
monteur;monteuse;Professions intermédiaires;4;Professions intermédiaires administratives et commerciales des entreprises ;46;46E
agent de maîtrise;agente de maîtrise;Professions intermédiaires;4;Professions intermédiaires administratives et commerciales des entreprises ;46;46F
aiguilleur;aiguilleuse;Professions intermédiaires;4;Professions intermédiaires administratives et commerciales des entreprises ;46;46F
contrôleur;contrôleuse;Professions intermédiaires;4;Professions intermédiaires administratives et commerciales des entreprises ;46;46F
steward;hôtesse de l'air;Professions intermédiaires;4;Professions intermédiaires administratives et commerciales des entreprises ;46;46F
barman;barmaid;Professions intermédiaires;4;Professions intermédiaires administratives et commerciales des entreprises ;46;46G
sommelier;sommelière;Professions intermédiaires;4;Professions intermédiaires administratives et commerciales des entreprises ;46;46G
conseiller agricole ;conseillère agricole ;Professions intermédiaires;4;Techniciens/techniciennes;47;47A
dessinateur ;dessinatrice ;Professions intermédiaires;4;Techniciens/techniciennes;47;47B
arpenteur ;arpenteuse ;Professions intermédiaires;4;Techniciens/techniciennes;47;47B
technicien;technicienne;Professions intermédiaires;4;Techniciens/techniciennes;47;47B
dessinateur industriel ;dessinatrice industrielle ;Professions intermédiaires;4;Techniciens/techniciennes;47;47C
technicien de laboratoire ;technicienne de laboratoire ;Professions intermédiaires;4;Techniciens/techniciennes;47;47C
logisticien ;logisticienne ;Professions intermédiaires;4;Techniciens/techniciennes;47;47D
mécanicien ;mécanicienne ;Professions intermédiaires;4;Techniciens/techniciennes;47;47D
développeur web ;développeuse web ;Professions intermédiaires;4;Techniciens/techniciennes;47;47E
informaticien ;informaticienne ;Professions intermédiaires;4;Techniciens/techniciennes;47;47E
administrateur réseau ;administratrice réseau ;Professions intermédiaires;4;Techniciens/techniciennes;47;47E
gérant d’exploitation agricole ;gérante d’exploitation agricole ;Professions intermédiaires;4;Agents / Agentes de maîtrise (hors maîtrise administrative) ;48;48A
régisseur ;régisseuse ;Professions intermédiaires;4;Agents / Agentes de maîtrise (hors maîtrise administrative) ;48;48A
chef de chantier ;cheffe de chantier ;Professions intermédiaires;4;Agents / Agentes de maîtrise (hors maîtrise administrative) ;48;48B
conducteur de travaux ;conductrice de travaux ;Professions intermédiaires;4;Agents / Agentes de maîtrise (hors maîtrise administrative) ;48;48B
agent de maîtrise ;agente de maîtrise ;Professions intermédiaires;4;Agents / Agentes de maîtrise (hors maîtrise administrative) ;48;48B
charpentier ;charpentière ;Professions intermédiaires;4;Agents / Agentes de maîtrise (hors maîtrise administrative) ;48;48B
chef d’équipe ;cheffe d’équipe ;Professions intermédiaires;4;Agents / Agentes de maîtrise (hors maîtrise administrative) ;48;48B
maçon ;maçonne ;Professions intermédiaires;4;Agents / Agentes de maîtrise (hors maîtrise administrative) ;48;48B
chef d’atelier ;cheffe d’atelier ;Professions intermédiaires;4;Agents / Agentes de maîtrise (hors maîtrise administrative) ;48;48C
contremaître ;contremaîtresse ;Professions intermédiaires;4;Agents / Agentes de maîtrise (hors maîtrise administrative) ;48;48C
agent d’exploitation ;agente d’exploitation ;Professions intermédiaires;4;Agents / Agentes de maîtrise (hors maîtrise administrative) ;48;48C
technicien nucléaire ;technicienne nucléaire ;Professions intermédiaires;4;Agents / Agentes de maîtrise (hors maîtrise administrative) ;48;48C
carrossier ;carrossière ;Professions intermédiaires;4;Agents / Agentes de maîtrise (hors maîtrise administrative) ;48;48D
contrôleur ;contrôleuse ;Professions intermédiaires;4;Agents / Agentes de maîtrise (hors maîtrise administrative) ;48;48D
électricien ;électricienne ;Professions intermédiaires;4;Agents / Agentes de maîtrise (hors maîtrise administrative) ;48;48D
magasinier ;magasinière ;Professions intermédiaires;4;Agents / Agentes de maîtrise (hors maîtrise administrative) ;48;48E
chef cuisinier ;cheffe cuisinière ;Professions intermédiaires;4;Agents / Agentes de maîtrise (hors maîtrise administrative) ;48;48F
chef de cuisine ;cheffe de cuisine ;Professions intermédiaires;4;Agents / Agentes de maîtrise (hors maîtrise administrative) ;48;48F
cuisinier ;cuisinière ;Professions intermédiaires;4;Agents / Agentes de maîtrise (hors maîtrise administrative) ;48;48F
téléopérateur;téléopératrice;Employés / Employées;5;Employés administratifs / Employées administratives de la fonction pu- blique, agents / agentes de service et auxiliaires de santé ;52;52A
assistant de direction;assistante de direction;Employés / Employées;5;Employés administratifs / Employées administratives de la fonction pu- blique, agents / agentes de service et auxiliaires de santé ;52;52A
facteur;factrice;Employés / Employées;5;Employés administratifs / Employées administratives de la fonction pu- blique, agents / agentes de service et auxiliaires de santé ;52;52A
guichetier;guichetière;Employés / Employées;5;Employés administratifs / Employées administratives de la fonction pu- blique, agents / agentes de service et auxiliaires de santé ;52;52A
agent d'entretien;agente d'entretien;Employés / Employées;5;Employés administratifs / Employées administratives de la fonction pu- blique, agents / agentes de service et auxiliaires de santé ;52;52B
homme de ménage;femme de ménage;Employés / Employées;5;Employés administratifs / Employées administratives de la fonction pu- blique, agents / agentes de service et auxiliaires de santé ;52;52B
aide cuisiner;aide cuisinière;Employés / Employées;5;Employés administratifs / Employées administratives de la fonction pu- blique, agents / agentes de service et auxiliaires de santé ;52;52B
cantinier;cantinière;Employés / Employées;5;Employés administratifs / Employées administratives de la fonction pu- blique, agents / agentes de service et auxiliaires de santé ;52;52B
concierge;concierge;Employés / Employées;5;Employés administratifs / Employées administratives de la fonction pu- blique, agents / agentes de service et auxiliaires de santé ;52;52B
gardien d'immeuble;gardienne d'immeuble;Employés / Employées;5;Employés administratifs / Employées administratives de la fonction pu- blique, agents / agentes de service et auxiliaires de santé ;52;52B
brancardier;brancardière;Employés / Employées;5;Employés administratifs / Employées administratives de la fonction pu- blique, agents / agentes de service et auxiliaires de santé ;52;52B
veilleur de nuit;veilleuse de nuit;Employés / Employées;5;Employés administratifs / Employées administratives de la fonction pu- blique, agents / agentes de service et auxiliaires de santé ;52;52B
aide-soignant;aide-soignante;Employés / Employées;5;Employés administratifs / Employées administratives de la fonction pu- blique, agents / agentes de service et auxiliaires de santé ;52;52C
animateur de crèche;animatrice de crèche;Employés / Employées;5;Employés administratifs / Employées administratives de la fonction pu- blique, agents / agentes de service et auxiliaires de santé ;52;52C
aide-maternel;aide-maternelle;Employés / Employées;5;Employés administratifs / Employées administratives de la fonction pu- blique, agents / agentes de service et auxiliaires de santé ;52;52C
ambulancier;ambulancière;Employés / Employées;5;Employés administratifs / Employées administratives de la fonction pu- blique, agents / agentes de service et auxiliaires de santé ;52;52C
policier;policière;Employés / Employées;5;Policiers, militaires, pompiers, agents de sécurité privée / Policières, mili- taires, pompières, agentes de sécurité privée ;53;53A
agent de police;agente de police;Employés / Employées;5;Policiers, militaires, pompiers, agents de sécurité privée / Policières, mili- taires, pompières, agentes de sécurité privée ;53;53A
surveillant pénitentiaire;surveillante pénitentiaire;Employés / Employées;5;Policiers, militaires, pompiers, agents de sécurité privée / Policières, mili- taires, pompières, agentes de sécurité privée ;53;53A
gardien de prison;gardienne de prison;Employés / Employées;5;Policiers, militaires, pompiers, agents de sécurité privée / Policières, mili- taires, pompières, agentes de sécurité privée ;53;53A
soldat;soldate;Employés / Employées;5;Policiers, militaires, pompiers, agents de sécurité privée / Policières, mili- taires, pompières, agentes de sécurité privée ;53;53B
garde forestier;garde forestière;Employés / Employées;5;Policiers, militaires, pompiers, agents de sécurité privée / Policières, mili- taires, pompières, agentes de sécurité privée ;53;53C
pompier;pompière;Employés / Employées;5;Policiers, militaires, pompiers, agents de sécurité privée / Policières, mili- taires, pompières, agentes de sécurité privée ;53;53C
agent de sécurité;agente de sécurité;Employés / Employées;5;Policiers, militaires, pompiers, agents de sécurité privée / Policières, mili- taires, pompières, agentes de sécurité privée ;53;53D
convoyeur de fonds;convoyeuse de fonds;Employés / Employées;5;Policiers, militaires, pompiers, agents de sécurité privée / Policières, mili- taires, pompières, agentes de sécurité privée ;53;53D
opérateur vidéosurveillance;opérateur vidéosurveillance;Employés / Employées;5;Policiers, militaires, pompiers, agents de sécurité privée / Policières, mili- taires, pompières, agentes de sécurité privée ;53;53D
veilleur de nuit;veilleuse de nuit;Employés / Employées;5;Policiers, militaires, pompiers, agents de sécurité privée / Policières, mili- taires, pompières, agentes de sécurité privée ;53;53D
hôte d'accueil;hôtesse d'accueil;Employés / Employées;5;Employés administratifs / Employées administratives d’entreprise ;54;54A
guichetier;guichetière;Employés / Employées;5;Employés administratifs / Employées administratives d’entreprise ;54;54A
secrétaire médical;secrétaire médicale;Employés / Employées;5;Employés administratifs / Employées administratives d’entreprise ;54;54A
assistant administratif;assistante administrative;Employés / Employées;5;Employés administratifs / Employées administratives d’entreprise ;54;54A
secrétaire médico-social;secrétaire médico-sociale;Employés / Employées;5;Employés administratifs / Employées administratives d’entreprise ;54;54A
assistant comptable;assistante comptable;Employés / Employées;5;Employés administratifs / Employées administratives d’entreprise ;54;54A
chargé de clientèle;chargée de clientèle;Employés / Employées;5;Employés administratifs / Employées administratives d’entreprise ;54;54B
employé de banque;employée de banque;Employés / Employées;5;Employés administratifs / Employées administratives d’entreprise ;54;54B
contrôleur de train;contrôleuse de train;Employés / Employées;5;Employés administratifs / Employées administratives d’entreprise ;54;54C
steward;hôtesse de l'air;Employés / Employées;5;Employés administratifs / Employées administratives d’entreprise ;54;54C
agent de voyages;agente de voyages;Employés / Employées;5;Employés administratifs / Employées administratives d’entreprise ;54;54C
assistant commercial;assistante commerciale;Employés / Employées;5;Employés administratifs / Employées administratives d’entreprise ;54;54D
secrétaire commercial;secrétaire commerciale;Employés / Employées;5;Employés administratifs / Employées administratives d’entreprise ;54;54D
vendeur;vendeuse;Employés / Employées;5;Employés / Employées de commerce ;55;55A
poissonnier;poissonnière;Employés / Employées;5;Employés / Employées de commerce ;55;55A
décorateur;décoratrice;Employés / Employées;5;Employés / Employées de commerce ;55;55B
employé de station service ;employée de station service ;Employés / Employées;5;Employés / Employées de commerce ;55;55B
kiosquier;kiosquière;Employés / Employées;5;Employés / Employées de commerce ;55;55B
;;Employés / Employées;5;Employés / Employées de commerce ;55;55C
caissier;caissière;Employés / Employées;5;Employés / Employées de commerce ;55;55D
magasinier ;magasinière ;Employés / Employées;5;Employés / Employées de commerce ;55;55D
téléconseiller;téléconseillère;Employés / Employées;5;Employés / Employées de commerce ;55;55E
opérateur téléphonique;opératrice téléphonique;Employés / Employées;5;Employés / Employées de commerce ;55;56e
serveur;serveuse;Employés / Employées;5;Personnels des services directs aux particuliers ;56;56A
barman;barmaid;Employés / Employées;5;Personnels des services directs aux particuliers ;56;56A
cantinier;cantinière;Employés / Employées;5;Personnels des services directs aux particuliers ;56;56A
voiturier;voiturière;Employés / Employées;5;Personnels des services directs aux particuliers ;56;56A
valet de chambre;femme de chambre;Employés / Employées;5;Personnels des services directs aux particuliers ;56;56A
coiffeur;coiffeuse;Employés / Employées;5;Personnels des services directs aux particuliers ;56;56B
esthéticien;esthéticienne;Employés / Employées;5;Personnels des services directs aux particuliers ;56;56B
masseur;masseuse;Employés / Employées;5;Personnels des services directs aux particuliers ;56;56B
tatoueur;tatoueuse;Employés / Employées;5;Personnels des services directs aux particuliers ;56;56B
assistant familial;assistante familiale;Employés / Employées;5;Personnels des services directs aux particuliers ;56;56C
assistant maternel;assistante maternelle;Employés / Employées;5;Personnels des services directs aux particuliers ;56;56C
assistant de vie;assistante de vie;Employés / Employées;5;Personnels des services directs aux particuliers ;56;56D
employé de maison;employée de maison;Employés / Employées;5;Personnels des services directs aux particuliers ;56;56E
valet de chambre;femme de chambre;Employés / Employées;5;Personnels des services directs aux particuliers ;56;56E
cuisinier ;cuisinière ;Employés / Employées;5;Personnels des services directs aux particuliers ;56;56E
gardien d'immeuble;gardienne d'immeuble;Employés / Employées;5;Personnels des services directs aux particuliers ;56;56E
croupier;croupière;Employés / Employées;5;Personnels des services directs aux particuliers ;56;56F
assistant funéraire;assistante funéraire;Employés / Employées;5;Personnels des services directs aux particuliers ;56;56F
conducteur d'engins;conductrice d'engins;Ouvriers / Ouvrières;6;Ouvriers qualifiés / Ouvrières qualifiées de type industriel ;62;62A
maçon;maçonne;Ouvriers / Ouvrières;6;Ouvriers qualifiés / Ouvrières qualifiées de type industriel ;62;62A
scaphandrier;scaphandrière;Ouvriers / Ouvrières;6;Ouvriers qualifiés / Ouvrières qualifiées de type industriel ;62;62A
électricien;électricienne;Ouvriers / Ouvrières;6;Ouvriers qualifiés / Ouvrières qualifiées de type industriel ;62;62B
ajusteur;ajusteuse;Ouvriers / Ouvrières;6;Ouvriers qualifiés / Ouvrières qualifiées de type industriel ;62;62B
monteur;monteuse;Ouvriers / Ouvrières;6;Ouvriers qualifiés / Ouvrières qualifiées de type industriel ;62;62B
fraiseur;fraiseuse;Ouvriers / Ouvrières;6;Ouvriers qualifiés / Ouvrières qualifiées de type industriel ;62;62B
tourneur;tourneuse;Ouvriers / Ouvrières;6;Ouvriers qualifiés / Ouvrières qualifiées de type industriel ;62;62B
usineur;usineuse;Ouvriers / Ouvrières;6;Ouvriers qualifiés / Ouvrières qualifiées de type industriel ;62;62B
ouvrier;ouvrière;Ouvriers / Ouvrières;6;Ouvriers qualifiés / Ouvrières qualifiées de type industriel ;62;62C
éboueur;éboueuse;Ouvriers / Ouvrières;6;Ouvriers qualifiés / Ouvrières qualifiées de type industriel ;62;62C
couturier;couturière;Ouvriers / Ouvrières;6;Ouvriers qualifiés / Ouvrières qualifiées de type industriel ;62;62D
menuisier;menuisière;Ouvriers / Ouvrières;6;Ouvriers qualifiés / Ouvrières qualifiées de type industriel ;62;62D
imprimeur;imprimeuse;Ouvriers / Ouvrières;6;Ouvriers qualifiés / Ouvrières qualifiées de type industriel ;62;62D
ouvrier d'imprimerie;ouvrière d'imprimerie;Ouvriers / Ouvrières;6;Ouvriers qualifiés / Ouvrières qualifiées de type industriel ;62;62D
chef de ligne;cheffe de ligne;Ouvriers / Ouvrières;6;Ouvriers qualifiés / Ouvrières qualifiées de type industriel ;62;62E
peintre industriel;peintre industrielle;Ouvriers / Ouvrières;6;Ouvriers qualifiés / Ouvrières qualifiées de type industriel ;62;62E
laborantin;laborantine;Ouvriers / Ouvrières;6;Ouvriers qualifiés / Ouvrières qualifiées de type industriel ;62;62E
mécanicien;mécanicienne;Ouvriers / Ouvrières;6;Ouvriers qualifiés / Ouvrières qualifiées de type industriel ;62;62E
jardinier;jardinière;Ouvriers / Ouvrières;6;Ouvriers qualifiés / Ouvrières qualifiées de type artisanal ;63;63A
paysagiste;paysagiste;Ouvriers / Ouvrières;6;Ouvriers qualifiés / Ouvrières qualifiées de type artisanal ;63;63A
horticulteur;horticultrice;Ouvriers / Ouvrières;6;Ouvriers qualifiés / Ouvrières qualifiées de type artisanal ;63;63A
maçon;maçonne;Ouvriers / Ouvrières;6;Ouvriers qualifiés / Ouvrières qualifiées de type artisanal ;63;63B
charpentier ;charpentière ;Ouvriers / Ouvrières;6;Ouvriers qualifiés / Ouvrières qualifiées de type artisanal ;63;63B
plombier;plombière;Ouvriers / Ouvrières;6;Ouvriers qualifiés / Ouvrières qualifiées de type artisanal ;63;63B
installateur d’alarme ;installatrice d’alarme ;Ouvriers / Ouvrières;6;Ouvriers qualifiés / Ouvrières qualifiées de type artisanal ;63;63B
peintre en bâtiment;peintre en bâtiment;Ouvriers / Ouvrières;6;Ouvriers qualifiés / Ouvrières qualifiées de type artisanal ;63;63B
serrurier;serrurière;Ouvriers / Ouvrières;6;Ouvriers qualifiés / Ouvrières qualifiées de type artisanal ;63;63B
carrossier ;carrossière ;Ouvriers / Ouvrières;6;Ouvriers qualifiés / Ouvrières qualifiées de type artisanal ;63;63C
mécanicien agricole;mécanicienne agricole;Ouvriers / Ouvrières;6;Ouvriers qualifiés / Ouvrières qualifiées de type artisanal ;63;63C
réparateur tv;réparatrice tv;Ouvriers / Ouvrières;6;Ouvriers qualifiés / Ouvrières qualifiées de type artisanal ;63;63C
couturier;couturière;Ouvriers / Ouvrières;6;Ouvriers qualifiés / Ouvrières qualifiées de type artisanal ;63;63C
maroquinier;maroquinière;Ouvriers / Ouvrières;6;Ouvriers qualifiés / Ouvrières qualifiées de type artisanal ;63;63C
brodeur;brodeuse;Ouvriers / Ouvrières;6;Ouvriers qualifiés / Ouvrières qualifiées de type artisanal ;63;63C
cordonnier;cordonnière;Ouvriers / Ouvrières;6;Ouvriers qualifiés / Ouvrières qualifiées de type artisanal ;63;63C
boucher;bouchère;Ouvriers / Ouvrières;6;Ouvriers qualifiés / Ouvrières qualifiées de type artisanal ;63;63D
charcutier;charcutière;Ouvriers / Ouvrières;6;Ouvriers qualifiés / Ouvrières qualifiées de type artisanal ;63;63D
boulanger;boulangère;Ouvriers / Ouvrières;6;Ouvriers qualifiés / Ouvrières qualifiées de type artisanal ;63;63D
aide boucher;aide bouchère;Ouvriers / Ouvrières;6;Ouvriers qualifiés / Ouvrières qualifiées de type artisanal ;63;63D
cuisinier ;cuisinière ;Ouvriers / Ouvrières;6;Ouvriers qualifiés / Ouvrières qualifiées de type artisanal ;63;63E
commis de cuisine;commise de cuisine;Ouvriers / Ouvrières;6;Ouvriers qualifiés / Ouvrières qualifiées de type artisanal ;63;63E
costumier;costumière;Ouvriers / Ouvrières;6;Ouvriers qualifiés / Ouvrières qualifiées de type artisanal ;63;63F
technicien de plateau;technicienne de plateau;Ouvriers / Ouvrières;6;Ouvriers qualifiés / Ouvrières qualifiées de type artisanal ;63;63F
conducteur de bus;conductrice de bus;Ouvriers / Ouvrières;6;Conducteurs / Conductrices de véhicules de transport, chauffeurs-livreurs / chauffeuses-livreuses, coursiers / coursières ;64;64A
chauffeur de bus;chauffeuse de bus;Ouvriers / Ouvrières;6;Conducteurs / Conductrices de véhicules de transport, chauffeurs-livreurs / chauffeuses-livreuses, coursiers / coursières ;64;64A
chauffeur de taxi;chauffeuse de taxi;Ouvriers / Ouvrières;6;Conducteurs / Conductrices de véhicules de transport, chauffeurs-livreurs / chauffeuses-livreuses, coursiers / coursières ;64;64A
chauffeur vtc;chauffeuse vtc;Ouvriers / Ouvrières;6;Conducteurs / Conductrices de véhicules de transport, chauffeurs-livreurs / chauffeuses-livreuses, coursiers / coursières ;64;64A
chauffeur routier;chauffeuse routière;Ouvriers / Ouvrières;6;Conducteurs / Conductrices de véhicules de transport, chauffeurs-livreurs / chauffeuses-livreuses, coursiers / coursières ;64;64B
camionneur;camionneuse;Ouvriers / Ouvrières;6;Conducteurs / Conductrices de véhicules de transport, chauffeurs-livreurs / chauffeuses-livreuses, coursiers / coursières ;64;64B
routier;routière;Ouvriers / Ouvrières;6;Conducteurs / Conductrices de véhicules de transport, chauffeurs-livreurs / chauffeuses-livreuses, coursiers / coursières ;64;64B
livreur;livreuse;Ouvriers / Ouvrières;6;Conducteurs / Conductrices de véhicules de transport, chauffeurs-livreurs / chauffeuses-livreuses, coursiers / coursières ;64;64B
coursier;coursière;Ouvriers / Ouvrières;6;Conducteurs / Conductrices de véhicules de transport, chauffeurs-livreurs / chauffeuses-livreuses, coursiers / coursières ;64;64B
grutier;grutière;Ouvriers / Ouvrières;6;Conducteurs / Conductrices d’engins, caristes, magasiniers / magasinières et ouvriers / ouvrières du transport (non routier) ;65;65A
ouvrier de quai;ouvrière de quai;Ouvriers / Ouvrières;6;Conducteurs / Conductrices d’engins, caristes, magasiniers / magasinières et ouvriers / ouvrières du transport (non routier) ;65;65A
magasinier ;magasinière;Ouvriers / Ouvrières;6;Conducteurs / Conductrices d’engins, caristes, magasiniers / magasinières et ouvriers / ouvrières du transport (non routier) ;65;65C
préparateur de commandes;préparatrice de commandes;Ouvriers / Ouvrières;6;Conducteurs / Conductrices d’engins, caristes, magasiniers / magasinières et ouvriers / ouvrières du transport (non routier) ;65;65C
conducteur de train;conductrice de train;Ouvriers / Ouvrières;6;Conducteurs / Conductrices d’engins, caristes, magasiniers / magasinières et ouvriers / ouvrières du transport (non routier) ;65;65D
cantonnier;cantonnière;Ouvriers / Ouvrières;6;Ouvriers peu qualifiés / Ouvrières peu qualifiées de type industriel ;67;67A
ouvrier de chantier;ouvrière de chantier;Ouvriers / Ouvrières;6;Ouvriers peu qualifiés / Ouvrières peu qualifiées de type industriel ;67;67A
terrassier;terrassière;Ouvriers / Ouvrières;6;Ouvriers peu qualifiés / Ouvrières peu qualifiées de type industriel ;67;67A
câbleur;câbleuse;Ouvriers / Ouvrières;6;Ouvriers peu qualifiés / Ouvrières peu qualifiées de type industriel ;67;67B
ouvrier dans l’agroalimentaire ;ouvrière dans l’agroalimentaire ;Ouvriers / Ouvrières;6;Ouvriers peu qualifiés / Ouvrières peu qualifiées de type industriel ;67;67C
mareyeur;mareyeuse;Ouvriers / Ouvrières;6;Ouvriers peu qualifiés / Ouvrières peu qualifiées de type industriel ;67;67C
ouvrier de la métallurgie ;ouvrière de la métallurgie;Ouvriers / Ouvrières;6;Ouvriers peu qualifiés / Ouvrières peu qualifiées de type industriel ;67;67C
agent de production;agente de production;Ouvriers / Ouvrières;6;Ouvriers peu qualifiés / Ouvrières peu qualifiées de type industriel ;67;67D
agent logistique;agente logistique;Ouvriers / Ouvrières;6;Ouvriers peu qualifiés / Ouvrières peu qualifiées de type industriel ;67;67E
magasinier ;magasinière ;Ouvriers / Ouvrières;6;Ouvriers peu qualifiés / Ouvrières peu qualifiées de type industriel ;67;67E
manutentionnaire;manutentionnaire;Ouvriers / Ouvrières;6;Ouvriers peu qualifiés / Ouvrières peu qualifiées de type industriel ;67;67E
bagagiste;bagagiste;Ouvriers / Ouvrières;6;Ouvriers peu qualifiés / Ouvrières peu qualifiées de type industriel ;67;67E
aide maçon;aide maçonne;Ouvriers / Ouvrières;6;Ouvriers peu qualifiés / Ouvrières peu qualifiées de type artisanal ;68;68A
carreleur;carreleuse;Ouvriers / Ouvrières;6;Ouvriers peu qualifiés / Ouvrières peu qualifiées de type artisanal ;68;68A
vitrier;vitrière;Ouvriers / Ouvrières;6;Ouvriers peu qualifiés / Ouvrières peu qualifiées de type artisanal ;68;68A
apprenti mécanicien;apprentie mécanicienne;Ouvriers / Ouvrières;6;Ouvriers peu qualifiés / Ouvrières peu qualifiées de type artisanal ;68;68B
réparateur de cycles;réparatrice de cycles;Ouvriers / Ouvrières;6;Ouvriers peu qualifiés / Ouvrières peu qualifiées de type artisanal ;68;68B
couturier;couturière;Ouvriers / Ouvrières;6;Ouvriers peu qualifiés / Ouvrières peu qualifiées de type artisanal ;68;68B
apprenti boulanger;apprenti boulangère;Ouvriers / Ouvrières;6;Ouvriers peu qualifiés / Ouvrières peu qualifiées de type artisanal ;68;68C
agent d’entretien de bureaux ;agente d’entretien de bureaux ;Ouvriers / Ouvrières;6;Ouvriers peu qualifiés / Ouvrières peu qualifiées de type artisanal ;68;68D
agent de propreté ;agente de propreté ;Ouvriers / Ouvrières;6;Ouvriers peu qualifiés / Ouvrières peu qualifiées de type artisanal ;68;68D
technicien de surface ;technicienne de surface ;Ouvriers / Ouvrières;6;Ouvriers peu qualifiés / Ouvrières peu qualifiées de type artisanal ;68;68D
laveur de vitres;laveuse de vitres;Ouvriers / Ouvrières;6;Ouvriers peu qualifiés / Ouvrières peu qualifiées de type artisanal ;68;68D
ripeur;ripeuse;Ouvriers / Ouvrières;6;Ouvriers peu qualifiés / Ouvrières peu qualifiées de type artisanal ;68;68D
ouvrier agricole;ouvrière agricole ;Ouvriers / Ouvrières;6;Ouvriers / Ouvrières agricoles, des travaux forestiers, de la pêche et de l’aquaculture ;69;69A
bûcheron;bûcheronne;Ouvriers / Ouvrières;6;Ouvriers / Ouvrières agricoles, des travaux forestiers, de la pêche et de l’aquaculture ;69;69B
élagueur;élagueuse;Ouvriers / Ouvrières;6;Ouvriers / Ouvrières agricoles, des travaux forestiers, de la pêche et de l’aquaculture ;69;69B
marin-pêcheur;marin-pêcheuse;Ouvriers / Ouvrières;6;Ouvriers / Ouvrières agricoles, des travaux forestiers, de la pêche et de l’aquaculture ;69;69C
aquaculteur;aquacultrice;Ouvriers / Ouvrières;6;Ouvriers / Ouvrières agricoles, des travaux forestiers, de la pêche et de l’aquaculture ;69;69C
